,name,RMSE_train,RMSE_test,corr_train,corr_test
906794,906794,0.09154400166538301,0.1539693197214267,0.8886614407346627,0.47004954253923514
753531,753531,0.11266445960800545,0.15892956380831444,0.889219610499756,0.5399481521305696
753532,753532,0.12650556419321396,0.1913755389049344,0.8069212018475593,0.47247752924149394
753583,753583,0.08851246937233995,0.14511294541733624,0.8616177466861551,0.43587082604548266
910911,910911,0.12409299327718064,0.18477406496438997,0.8121647026347135,0.3475878725124334
753555,753555,0.09308289427267209,0.13763439882912357,0.8341883289990737,0.44009497212697324
753621,753621,0.1093623973787982,0.16380931794529469,0.8597333977225144,0.47957773076268084
753622,753622,0.12523075924065,0.1651600186198011,0.7631294812752365,0.37504236605958774
946356,946356,0.1183483751488819,0.18137429600876018,0.856811244338683,0.5442645332539304
753614,753614,0.11462635184329825,0.17826724529035495,0.8253681048587064,0.48327545713729886
735784,735784,0.08876947625602338,0.14511717327798648,0.8847721239477089,0.5261051136283909
946355,946355,0.09057163250320767,0.14191459156457964,0.8638048066141455,0.46464376856266937
753623,753623,0.10337120081106695,0.16434665215873548,0.8547465622839076,0.4714505617147804
910688,910688,0.10380281673108674,0.1710714412312439,0.8635858754946426,0.34104438815137
753548,753548,0.11596624725024977,0.17250508553419505,0.8515822612009828,0.48708838772008267
906870,906870,0.12984605303848054,0.1875134837483116,0.8118206127235638,0.3470724314202097
907053,907053,0.13020116633901208,0.18801238930470623,0.7919514972881764,0.3358730552578523
905938,905938,0.1162372008487395,0.18524151459145824,0.8786072405638563,0.45274632249337665
907275,907275,0.15833918095958605,0.20291864993799047,0.6877487153937343,0.30102887323558497
907278,907278,0.11388037374124167,0.16921039040737793,0.8194117265813852,0.4367106006210372
907280,907280,0.0909664807746676,0.15349712019939293,0.896230743948721,0.5242175573065956
1330942,1330942,0.100589741261588,0.15408742454056257,0.8447974263607569,0.41518660278566166
908141,908141,0.11490629460372656,0.17432158633302625,0.8443578143219556,0.3863284744233746
1330947,1330947,0.13021239304170337,0.19777800998816647,0.833260957685891,0.41063142997813484
908148,908148,0.1209879196610524,0.20076858144900483,0.881960064522894,0.46867467288431647
908448,908448,0.14916071243098905,0.21452266683282914,0.790988503946362,0.33374519797209706
908451,908451,0.11528162750673702,0.17868854319864566,0.849378493969289,0.47391544712870254
910947,910947,0.11814503467234774,0.1750706915189874,0.8466002031168463,0.3933393493650727
1290455,1290455,0.11473726925382129,0.16016676426806525,0.8352727913237207,0.5015401286559579
1330983,1330983,0.13080308381075487,0.18774192910461301,0.830943079675824,0.3881195387200613
1330985,1330985,0.09823527155503577,0.14936335193953681,0.8446293765523156,0.31812686889055297
909253,909253,0.09179820690790338,0.14335864666638293,0.8623156342283128,0.33233420735347524
1330991,1330991,0.11807580487078731,0.17967631342921503,0.8532304266481423,0.48209264102941524
910545,910545,0.11133735786373126,0.17056359025647344,0.8728581949280848,0.46841433836537005
909715,909715,0.12208279057598752,0.2007849619797124,0.894855219899115,0.2649857383905926
909771,909771,0.10264267717655713,0.15094678417754032,0.8391440969249249,0.3035303534579691
907273,907273,0.10103626323024442,0.1550981948975512,0.8837720329429335,0.43866755233104326
909742,909742,0.11040226256722252,0.17211818761591155,0.8813351286344009,0.4328377541418614
1331040,1331040,0.10390387124187798,0.16161392145602668,0.891208702087001,0.4522763180723805
1327774,1327774,0.10831151751249249,0.17786039029813372,0.8842022279830216,0.5588438828462489
1330933,1330933,0.10327225776071691,0.1661523049223669,0.880907603392958,0.5242054506712444
908136,908136,0.10886252227856093,0.17194774197697835,0.8780727521254246,0.43585666485983915
908143,908143,0.10179528240297289,0.15254047244611108,0.8155358251488567,0.3925721986140822
909696,909696,0.11093767228879484,0.16755326255442635,0.8634271975028949,0.4040900212175882
1331025,1331025,0.10783824986454985,0.16703460324554853,0.8576120071013749,0.3813696819935215
909777,909777,0.11210078874861629,0.15976450745590914,0.8411265214020476,0.4148551028783249
910935,910935,0.11263767597827852,0.17791281662166153,0.8583391384636911,0.4012914794558009
910934,910934,0.11761952450424726,0.17220654524579798,0.8286996294165314,0.39720803735783183
910919,910919,0.10479783205258424,0.15167705251690428,0.8648465026728445,0.42316710783556044
949088,949088,0.10879074984234852,0.18138560952584232,0.890089458240174,0.5044074038907956
906842,906842,0.12250469867286964,0.19494003071947072,0.8465605486435198,0.32573249253525904
1297449,1297449,0.10801706569243326,0.17196083211609803,0.8850702161995245,0.41140334614532426
1303897,1303897,0.09438720250178786,0.17050545596387995,0.8868702135877422,0.3904813136867908
1327769,1327769,0.1251241979692929,0.16828915464809419,0.843130237689169,0.48835316272375245
907274,907274,0.10836725650560501,0.18059166182823277,0.8944502559635492,0.4276753204114646
907799,907799,0.08929604206128611,0.15391555102966814,0.891114471997142,0.45035233565014154
1330982,1330982,0.122177023358138,0.1901656897706621,0.8915505506715299,0.4633579270782707
1330984,1330984,0.12554678085849508,0.18291017289429026,0.8641986903538301,0.42043341999255157
1330995,1330995,0.09243166613924249,0.15938442579244888,0.8958908908759569,0.4054830328474705
910861,910861,0.11264921581803196,0.16046844486496284,0.839962778123617,0.4317058849943942
910930,910930,0.09622051810459627,0.15238879893115437,0.8979208034556987,0.3333249391754363
1331032,1331032,0.10970276240622925,0.15488601610186428,0.830841277903418,0.41836329938066996
1331034,1331034,0.10065199892921092,0.17838622541562701,0.8923752754733325,0.3554362682637909
1331035,1331035,0.08563655135862376,0.15593514674853282,0.876503680044548,0.35430623232150377
1331037,1331037,0.09564672658703496,0.17628397976120153,0.89462116446141,0.4898081080567658
1331038,1331038,0.14226098244086335,0.190998817155224,0.7598559692335081,0.2757624765429706
1331045,1331045,0.10584684944486338,0.1794627350877853,0.8960921180386346,0.5491846130048368
909773,909773,0.11681736238975907,0.16484978418656895,0.8586974853363308,0.48053717625338066
1331048,1331048,0.09211622515979677,0.16648545418148034,0.8948833338130868,0.41435079966263844
1331050,1331050,0.08744459533511152,0.12878475372183273,0.8740304798704613,0.3708077673348487
910706,910706,0.1044027309515904,0.17397748483087075,0.8809553813579338,0.45244984606082683
910703,910703,0.10636411212917078,0.17065212107635733,0.861848846756039,0.3212214086612485
906831,906831,0.11977422606584956,0.16442071596100657,0.8475971768490232,0.30348092962460604
906838,906838,0.12081215218558594,0.1632319482935915,0.8189807541642233,0.46504054168775044
906846,906846,0.1600619668292455,0.1668276882397884,0.5318714883060391,0.23889492914982702
906847,906847,0.08798466845063793,0.14133940111646884,0.8825455673175961,0.25333771566175295
1303896,1303896,0.102270484766359,0.1981159803212215,0.8806514924485038,0.3290557111633596
907268,907268,0.1067898616975164,0.17347652569099176,0.8827618332712482,0.3972475782362512
908159,908159,0.10194862080584388,0.15434330638471186,0.8698745429647241,0.5305399701340024
1330987,1330987,0.10124679294151014,0.14876570139027961,0.8404215509398789,0.4768495469523657
909262,909262,0.09810779166404263,0.1503058487536078,0.8670713222804931,0.39213137575850016
910401,910401,0.10221339722468151,0.16407208241041515,0.8894403426805253,0.4398819497414775
910906,910906,0.11805346410338328,0.17396090066904235,0.8478974058215826,0.3378652854088072
910710,910710,0.09874285396391361,0.15669534378290823,0.8666044982427042,0.4556834798337207
906855,906855,0.12026101579496215,0.18444816475766146,0.8810920941773315,0.4732678461947536
1327771,1327771,0.10015233983878336,0.17359084451117285,0.8855756024657229,0.4107404304105732
905940,905940,0.1118269641828485,0.16402238460558374,0.8858660761049532,0.4961346621911315
1330931,1330931,0.10803110967899006,0.1780837573990845,0.8812067007460257,0.5103806769724611
907311,907311,0.12054136578777577,0.20393373351533425,0.8651825553791717,0.3113747757648243
907783,907783,0.11232255383170431,0.17377805140253938,0.8468215108366317,0.4430628280053289
908126,908126,0.11647011679124311,0.17847803655435143,0.8498126398843162,0.42948321116868715
910544,910544,0.10025571495192624,0.14197075601169923,0.8679065516569053,0.31543443964614115
1295741,1295741,0.09758582354408632,0.1487984749584154,0.8754810288077961,0.519049327937208
906856,906856,0.1291482557934812,0.21490119140115455,0.8656565534661806,0.4193719938703227
1327766,1327766,0.09470382629191516,0.14563767274333891,0.8700284665458973,0.5619345118838301
683665,683665,0.10270156910182952,0.16139942040056057,0.8590468457080169,0.47046114465255895
909722,909722,0.10245120844921511,0.18892500046171773,0.8975618732896857,0.24816777155508118
907044,907044,0.11502549103372806,0.16738064837559802,0.8496382073307714,0.3512375102500365
908142,908142,0.1203329487404791,0.18556215648199506,0.8817196703465248,0.5038082931650127
908149,908149,0.10348581414304196,0.14831578102671897,0.8863790194874683,0.5418928570076527
924110,924110,0.09436741945031105,0.16431722584409114,0.8796371615939318,0.4194006295880824
907050,907050,0.10973113264007084,0.17122233401834303,0.851053010054804,0.4958066825849934
1322218,1322218,0.11880064049063947,0.19311096374196923,0.8172649296815896,0.2722148091495525
909976,909976,0.07846148605181374,0.122208750807409,0.8740654383536958,0.46214038440134
1330935,1330935,0.08688558849171692,0.15153569391001104,0.899590884942817,0.49939617659284596
907322,907322,0.0764712452844998,0.14924668613887299,0.8993528850559235,0.4945929548820498
907323,907323,0.08153394660943389,0.12460037171012664,0.868771875836338,0.5156109063362527
909701,909701,0.09785356142151616,0.167625471224295,0.8843198201310404,0.37633665726436233
1331039,1331039,0.10309105748784204,0.14440404647480592,0.8515736219556602,0.5324699252881666
909703,909703,0.14299830386824272,0.19561016571752415,0.7606475347499966,0.3322596545803178
906800,906800,0.11040296022516147,0.18765055126963306,0.8777142506261428,0.4342318839282743
910944,910944,0.1254363843924487,0.1875096767515502,0.8432500797290082,0.3975479232231244
906763,906763,0.12159986903930417,0.17493068773003592,0.8414917713221353,0.46059583096203227
905952,905952,0.11207245313565248,0.18313765083000655,0.8739482726784029,0.5492484798834143
906877,906877,0.11275120039329375,0.1642946834359553,0.8505398982710238,0.39881591990007864
949153,949153,0.10707313836661358,0.15710179588484924,0.8608485409615361,0.4853717992188155
907277,907277,0.11170164194002255,0.17450912201978203,0.898201043938174,0.5177783371588023
907787,907787,0.1206968173571541,0.17498040556256692,0.7947979922896892,0.29533506991962344
905958,905958,0.09688117466503118,0.15771081026712536,0.9103131344017228,0.4914506698591679
909252,909252,0.12798285221950367,0.1747117076605481,0.8378322426740968,0.41226957324471414
1247871,1247871,0.13482225229162487,0.1822401965176665,0.8597351905682038,0.4955037077891662
910687,910687,0.1078280792119785,0.15933383304993562,0.8811762949460903,0.4555497738937285
907789,907789,0.10150707710743878,0.1780132190510586,0.8971060593157343,0.430907044460762
909260,909260,0.11374011277799494,0.16264690822797015,0.8457732327294067,0.4396175070264176
909743,909743,0.12202133596588671,0.16015253198851442,0.7232440026743421,0.15780576017255604
906836,906836,0.11979264189188402,0.16654507006737,0.8129267561712321,0.3932143917403633
906854,906854,0.09026219182785591,0.17776184202577214,0.9234288812104812,0.5285662662001446
1297447,1297447,0.09704408109275815,0.15836228773812788,0.8937903656229753,0.4593241420435728
907043,907043,0.09955903857812633,0.14613047549350172,0.8377426050270896,0.40009591660028765
907269,907269,0.08892695859860743,0.14337172930673753,0.8715567930793885,0.33599828497680684
907270,907270,0.092112491908492,0.13600294246115757,0.863018422983594,0.2852237842713447
905965,905965,0.13215999119844576,0.18749269880905386,0.821012243698663,0.5175397014617105
1331049,1331049,0.10086340704189842,0.16527339486595927,0.881325851779456,0.3741832719866057
909785,909785,0.13282789798384176,0.15344088716916193,0.7330897218451458,0.33742288784808006
946358,946358,0.10357929633065237,0.14871730530402258,0.8229558238480281,0.3454473894496009
906765,906765,0.10645973456115825,0.16672367128607207,0.8634847254968196,0.35391784455033437
753563,753563,0.09021149505272621,0.17251775565909308,0.8939011867519937,0.3487350240971954
924239,924239,0.10463322247419493,0.17286475019850953,0.8852023229482361,0.4537297564282051
907791,907791,0.09874949428193253,0.13982770196714592,0.8519973172411763,0.4533391520302751
1330950,1330950,0.12354658567864418,0.1958679138235582,0.8650174686500186,0.3796512251672974
909249,909249,0.09778694594398749,0.15222445235359344,0.8470733647784616,0.37159839256710525
753612,753612,0.10267969428799487,0.15740722415324263,0.865679305775064,0.34476089366277995
1295740,1295740,0.12553859506186243,0.18987105461236856,0.862020668441934,0.41973483606883166
1297446,1297446,0.11434830393244859,0.16175016407322867,0.8248915833509967,0.40120801428562897
907056,907056,0.10828989173908787,0.17665216460941216,0.8820843857957865,0.4977320465602098
909717,909717,0.1078030644301671,0.15233472532893805,0.8608216881598574,0.5110211637030642
684055,684055,0.13416826144820337,0.17313355997791516,0.590402672124955,0.0884892488142118
949156,949156,0.10115386668912738,0.16599098434443693,0.8561071081113125,0.5154482041104467
684057,684057,0.11479887107896465,0.15890486879359728,0.8325609868697736,0.46264242484066787
684059,684059,0.11679142773330468,0.1658985065440141,0.844771747917125,0.3762363959387355
949155,949155,0.10204044267336901,0.15483236728591984,0.8705183950239095,0.5267123142398157
949163,949163,0.112313609087984,0.1633881407000195,0.8636937023482976,0.4815479145404802
684062,684062,0.12955583856701375,0.17590445745829525,0.7887757329977767,0.4049043971605024
949162,949162,0.18123132922655108,0.35314239670094094,0.45993606445219604,5.83295922997504e-18
949166,949166,0.1353946077154474,0.16480092610169667,0.7335633862659279,0.3445826773990255
949165,949165,0.10291648028546066,0.1565167420318907,0.8634053580490159,0.4652632134385133
949164,949164,0.128781664624905,0.17296774274137555,0.7799151149722677,0.37581700600023177
949168,949168,0.08680662877349588,0.13870815161043287,0.8483344758643174,0.3004383365194169
949161,949161,0.10028399344949865,0.14802465450470054,0.8601691789296092,0.4047398485262896
684072,684072,0.10261852500631259,0.1628470701637874,0.8827120068599443,0.455251571842697
909731,909731,0.1009567477485946,0.1662622380802704,0.8874880796156004,0.5464136255440615
1240221,1240221,0.10411603525796706,0.17082985072873355,0.8179395260390224,0.22447687939937894
925345,925345,0.11811504022526387,0.17321918444290496,0.8255879497834486,0.3882174779854255
946359,946359,0.09348326332591306,0.13507813446348016,0.8663408453933494,0.5508648219575276
906812,906812,0.10413866110172151,0.14878531425394556,0.8297179605547018,0.42602948668698115
906844,906844,0.115922287278064,0.1641736415396112,0.8502441499171542,0.4050209094695757
906862,906862,0.09362137969490048,0.13760368552437455,0.8703378976621552,0.5832442123479441
749711,749711,0.10593728049873392,0.15011805023630687,0.8234700089222278,0.4553366907612638
749713,749713,0.14144168255587197,0.20833901780050296,0.855172185835032,0.24614249986312364
749715,749715,0.09078254511324246,0.14977030220403922,0.8958638212202239,0.46148388975267157
749716,749716,0.0918966731229563,0.13268244411924737,0.896104497559058,0.4884572131932801
910948,910948,0.10712328999281953,0.1495024612037642,0.8426369400310005,0.4028603983891202
908151,908151,0.11015338293571977,0.15464068368837108,0.8219072946634729,0.37148601487240485
909256,909256,0.08148800555455724,0.1269997122843392,0.8733438482388545,0.5082327682419703
910910,910910,0.10273590649538693,0.1447066642411976,0.7051894519019306,0.2334208057719321
906861,906861,0.11000428667260982,0.16243447325624288,0.8270026037149011,0.4444782185564337
909769,909769,0.08681923819150521,0.13819759664205133,0.8523844439375751,0.49462533801856345
907073,907073,0.09467593702593655,0.14822765696951873,0.8736875818815324,0.5009999288894127
910700,910700,0.10317834671254478,0.1557246652687983,0.8679749517913014,0.43537909528593743
1290769,1290769,0.08204374279273899,0.12451625337573699,0.8582304231956916,0.5248877551671016
910569,910569,0.10046825199965506,0.143559002602813,0.84387168500035,0.3639573998124656
910554,910554,0.086458873668036,0.12934702130359185,0.8069501409529426,0.4362311010169875
905971,905971,0.11500821394391185,0.19669852657574696,0.8223062316714207,0.3270072131948272
905989,905989,0.09751713286026412,0.15017334141072067,0.8737007306325811,0.4587466397257375
917486,917486,0.10442068104986897,0.14133769829123705,0.8082726613497885,0.46596892291155
907792,907792,0.10348465207483529,0.17306280739455235,0.8370643234691549,0.3931861187679987
907794,907794,0.11074682723025615,0.16981900469637495,0.8484476712000409,0.44663000050880736
907795,907795,0.11666656461427719,0.15914164723075724,0.8216675478174095,0.5346287057753353
1240173,1240173,0.09600510029718855,0.14659945509099356,0.863488467766526,0.5772953782789765
908458,908458,0.12393451091715377,0.1618599014617237,0.6556216497008072,0.09389039182196897
908457,908457,0.10139405857840773,0.15262348755956476,0.8479417318934208,0.4102060841578635
909698,909698,0.10462678031997727,0.1560542322364428,0.8421420466334417,0.5189702301367437
910905,910905,0.13079121346736106,0.17546619384553228,0.8009317484292422,0.5136465024326631
906849,906849,0.08395574747598586,0.1888200008722674,0.9597308843382801,0.3454488971309564
906869,906869,0.0778515320201238,0.1307172659343041,0.9022822184409842,0.43538957076301743
907041,907041,0.10314885596624071,0.16358269184779106,0.8688254392557011,0.49570294719660374
1322224,1322224,0.08003761305442174,0.13126076920999635,0.8950628834717369,0.3978028615725276
908444,908444,0.12062220462103812,0.15637212920416302,0.762159137403072,0.22869886079484059
908446,908446,0.10022773225228528,0.15937106909537596,0.8290796687356308,0.4645873578300243
908445,908445,0.09888953093194355,0.1566320066014515,0.8948972521610546,0.565369404174534
909697,909697,0.10345298765257889,0.15543960811976354,0.8524235776185509,0.4593136549540546
909711,909711,0.10052277744769493,0.14215732537838005,0.8910126231594726,0.40629219441393116
753558,753558,0.0837945454532559,0.1308982671221849,0.865025218207913,0.5173014198379728
753577,753577,0.10680812659069146,0.17550435898343936,0.8426476241880787,0.3544727783572141
753578,753578,0.11239953174360198,0.18805387886853464,0.8350678999914429,0.3356896215415933
753585,753585,0.12467908997100603,0.1886472013823672,0.8352708072918054,0.29375759692779596
909250,909250,0.10855801218631449,0.166987340525906,0.8535990469184783,0.4736707464435577
909974,909974,0.12182361089689434,0.16797181657336552,0.721044340239313,0.2421578107957183
905978,905978,0.10289822381229516,0.16097398579251682,0.8518975883494653,0.4180603039499937
905980,905980,0.09222912238297065,0.12921282763562594,0.8456901036356218,0.45642563257374125
724859,724859,0.1120655414918238,0.18132351255205598,0.8594146908851764,0.4677662732578143
905970,905970,0.10545729213478039,0.17237258850056839,0.876163914497093,0.45822044792447186
907786,907786,0.11845907091274106,0.1802543518548097,0.8121982459817282,0.2867276964279831
753592,753592,0.09364997993872007,0.14883768205311906,0.8724622196054022,0.4883631232644025
724866,724866,0.1135264271922489,0.20530505409137717,0.849990192834551,0.3602806176901458
684681,684681,0.0936692808164782,0.1351704061625169,0.8523287316342142,0.3618364841439051
687799,687799,0.1011742738415875,0.16419666872366706,0.8660348395573878,0.43880805795668876
687807,687807,0.11212475298734512,0.175619883641642,0.7749774043164863,0.22020901542234098
905942,905942,0.0985019711829774,0.1502098242943485,0.8603279014605631,0.4343011379283729
905967,905967,0.1054047615959905,0.1563740907452516,0.8254683429992393,0.288151363364812
687600,687600,0.09812470192422836,0.1342117820629512,0.855882600111005,0.45556292184755504
724863,724863,0.1129812321230284,0.146397543069027,0.7642111207911607,0.23759742097032138
908471,908471,0.10104700139307879,0.16185788745757887,0.8760588425598469,0.5099967127359049
687804,687804,0.09543165137513046,0.12554129466448888,0.8539678967830712,0.4750692678692873
1298352,1298352,0.09956410787556914,0.14290038605556393,0.8056076856174587,0.22723859287306963
1240183,1240183,0.09032820638276783,0.1600453315176838,0.8931345998986387,0.5102391691203609
905941,905941,0.11390040607354188,0.15518556164519598,0.7686125537360161,0.4093051154114561
910692,910692,0.11914870980337985,0.16174098445318302,0.7574714619297629,0.3357154594340582
906808,906808,0.09576927078440303,0.15078981481226394,0.8777112995612235,0.39200573572348646
753547,753547,0.1000021153626828,0.15994705198337625,0.8583113989738098,0.49967953026512496
687983,687983,0.10401363178695915,0.15348949496124464,0.8512172993853355,0.5377944717739535
753564,753564,0.08115405015034667,0.1328685292697567,0.8961696791748974,0.4760877727471578
753565,753565,0.09061997605931955,0.1559958447447322,0.8439222723657661,0.4598933232743483
753582,753582,0.08586358150116916,0.16064783872646507,0.8861609313023996,0.33589789826848837
753588,753588,0.09987716936171827,0.1664673577045735,0.8965924657044836,0.38532200304592723
713878,713878,0.11870497110956221,0.17059656656060537,0.8633420855361769,0.40432511555836237
753589,753589,0.09281214263125429,0.14067757783885107,0.8627655150229387,0.2483902996437204
753594,753594,0.10439946331558288,0.17133191246300086,0.8688326771021941,0.3403896762669114
687997,687997,0.08508999266307762,0.13305372961310774,0.879649205056612,0.37023819810077596
688001,688001,0.10763779652495531,0.15898480538830356,0.8755108124038232,0.38103877596399544
688006,688006,0.10730772004723743,0.15505498694660205,0.8524331973998407,0.46181870377217515
1240182,1240182,0.12068513114876514,0.17048546924963875,0.7551598706518542,0.3198855161687874
688007,688007,0.1087570446548802,0.16779646192829084,0.8338065836256913,0.34620933545584165
1330972,1330972,0.07834490217425887,0.12997052918959534,0.8965324374559417,0.5158704519303123
688010,688010,0.08525285264576264,0.17053990231862498,0.9441769309337497,0.49056881859902823
688013,688013,0.08402178583311636,0.12555189069903644,0.8819767159193066,0.43965390162794504
1240189,1240189,0.11093064109575816,0.17783416563272741,0.8726997050510734,0.3511533300218873
688014,688014,0.09454999450217416,0.14549599406120467,0.8766708197607354,0.4548061092080844
908481,908481,0.10597079865380854,0.17116129211423953,0.8840825771677793,0.3184745370093681
688018,688018,0.10819923794876488,0.18661472335823065,0.8793804484183549,0.342846402429643
688021,688021,0.10280606740008155,0.13658264339703402,0.8535398892202313,0.4310910293374358
688023,688023,0.09283732430886175,0.15005686923776618,0.898949658243143,0.49527419047783505
753605,753605,0.08566334316484898,0.14065248965538343,0.9123432720876515,0.506134422185082
908483,908483,0.10057555311820181,0.14327418658419644,0.8458937771018951,0.4905903268534833
688025,688025,0.08941569591648542,0.16159992778751447,0.9182436139273606,0.48184564340568603
688026,688026,0.09875867474487329,0.13110137732944308,0.8609604611717605,0.41921442077256826
688027,688027,0.10190795291661388,0.15037695680318922,0.8502434768412812,0.5121939551347351
909194,909194,0.10001696513468092,0.1693812252815346,0.9130891522522676,0.28407610025175395
688031,688031,0.09140865341412274,0.15156441461514797,0.8761573195450039,0.35214175835225303
1240193,1240193,0.1012238200718045,0.14837388584771266,0.8935829591586089,0.37704664519516756
907173,907173,0.12484847385369935,0.16510288331557557,0.7742507544453472,0.3337826624751849
908150,908150,0.10771480973477601,0.15545253638628648,0.8176097774163166,0.31199873724504923
687562,687562,0.10106504873579307,0.14634645379717665,0.8576783502064623,0.5147937288465821
910933,910933,0.10266773424899797,0.15166321680861222,0.8520099872425849,0.4223270503104323
906746,906746,0.1062354137292953,0.16141518589397577,0.8702655999104852,0.5164884142534343
910943,910943,0.09031584603311102,0.1464569510345933,0.8547557083391389,0.5145391419433547
946367,946367,0.11927383353938555,0.1644063700897187,0.6448276356515091,0.2676673937103547
946368,946368,0.09496700584465426,0.14688109222141094,0.8652332084398815,0.5389973645333399
946369,946369,0.08819593714328083,0.14716658001344293,0.8678306942719549,0.46370238710747386
946370,946370,0.11719975171543191,0.18154284254862002,0.7829654486271203,0.4237509940614686
946373,946373,0.11165266742101124,0.15252252334744423,0.7731775059746979,0.4118067623597489
753549,753549,0.09225522886241241,0.15522623114454578,0.8492198258059757,0.4216647115029131
687568,687568,0.10744989196977635,0.16285287339670845,0.847514024478011,0.39151296345449405
906871,906871,0.10282691912003927,0.1479605971401052,0.8466398366940998,0.4123415924306525
907271,907271,0.13855156843465255,0.18741276480618893,0.785749076491248,0.3373710429485738
907279,907279,0.09906187421528254,0.14436035063430058,0.8522531771458768,0.5235719386215479
907282,907282,0.09570819994283872,0.13515855143243577,0.8449370815113498,0.557110549712632
924188,924188,0.1172538183166039,0.16499045607816004,0.8152709159724179,0.48941853914737693
907313,907313,0.11282068526691266,0.1628346275996767,0.8367695993353438,0.5124803506065219
908449,908449,0.0948942711254948,0.1464365399129667,0.8624699047293312,0.5093517559062299
908452,908452,0.1168480616178776,0.155981005126748,0.7387628410630541,0.3594331133134156
908450,908450,0.11469674985383846,0.15622773154658254,0.7820833834328325,0.43113737334454855
909712,909712,0.10260671773150658,0.16170916574570077,0.8548419592918133,0.4299239151310406
905986,905986,0.08523120246076452,0.13767381494000622,0.8814106977478305,0.536761807059942
905984,905984,0.1037831996578324,0.15086427918052142,0.8237850504249737,0.458006771287882
905982,905982,0.11730221361403707,0.18962089946702115,0.8669477616858228,0.39374882150133383
687590,687590,0.10629714372288315,0.15833552083503463,0.7944242522075282,0.48579728940542416
906834,906834,0.09561749093975938,0.15203615350285282,0.8644829232334355,0.3841446410959353
909248,909248,0.08677629971827303,0.1439960961271997,0.9032678905736088,0.44238647756177985
753616,753616,0.09175913692979092,0.15648331316208947,0.8840986936120775,0.4605279612605747
910567,910567,0.09604646994760643,0.15506729877634945,0.8417734932047081,0.37800629106420025
906872,906872,0.0963524690302904,0.14682987725866764,0.8709139351029422,0.48565788454974024
906875,906875,0.09473446522113471,0.13456279152772593,0.8555949205753091,0.3633061795305343
907170,907170,0.09628522950358219,0.142674914235015,0.833978044503102,0.30808564174878106
753618,753618,0.08773968453277839,0.1375765083534661,0.8540174738390455,0.366611818177084
907314,907314,0.07833871114411105,0.11071167555843223,0.8511288150588102,0.4347200044268028
949170,949170,0.10138563261574314,0.12871988849216764,0.8017308496363947,0.5009283462259795
908135,908135,0.09949767337593071,0.13940515483275032,0.8423610151325184,0.30593070534819455
1240181,1240181,0.10929558942375828,0.14290194778573434,0.7875823492396574,0.34238620096071753
949171,949171,0.09682901876707423,0.14187945535087834,0.8872838708823819,0.38417872922947877
949172,949172,0.11645753442576176,0.17225782560646577,0.8102533038570948,0.35648461844542434
949177,949177,0.0827878477713128,0.13049563672642553,0.8744430651346417,0.547019966769407
949178,949178,0.10611775575931567,0.13490177495620476,0.7926237026492026,0.3504666462673237
949175,949175,0.09458176371960536,0.13804467976302973,0.849890934005888,0.3675231865922058
949176,949176,0.08734845992138243,0.13165244310630073,0.8631906834143213,0.45436251665678373
949173,949173,0.10212071495509653,0.15573336046938352,0.8308561485298892,0.3917726174500024
908440,908440,0.11237367452349405,0.1789403009626225,0.8724294000717929,0.3831399098522918
949174,949174,0.14468563481887878,0.17295691211009862,0.5700371259483047,0.25380730570095383
908447,908447,0.10883200240017947,0.1522555711793659,0.7432727414395286,0.483300823048475
753620,753620,0.09217942320884062,0.13933175262051908,0.8484526442253593,0.30795926200974794
688086,688086,0.11396056966958026,0.17640060142445457,0.7924351287659489,0.4529308018691795
753595,753595,0.10898616260155063,0.1673014570051597,0.8425486796482655,0.3659850643025585
910546,910546,0.0997286113582397,0.16158751143824246,0.8493506500247306,0.5171357786625693
910921,910921,0.13257473459498392,0.1969103041449231,0.8094004052292355,0.3757330873291655
906813,906813,0.09266453281835531,0.14194647542529062,0.8942978385818886,0.501288512399197
687448,687448,0.09643223615438698,0.17960786985223337,0.9042875594335122,0.4223665673710305
753546,753546,0.11065751201478977,0.16305274663692249,0.8176037674550978,0.4415519964685116
907067,907067,0.12079542467467567,0.19355623794825255,0.8590477133783871,0.37165921232979554
907172,907172,0.11353424781790997,0.16950512636680165,0.8450104489890478,0.41587621320026996
753579,753579,0.10764973685332765,0.15311221859268245,0.8298551988404552,0.562937080898947
753581,753581,0.09949341009958887,0.13479630291327296,0.81261005185223,0.36398376801405025
905974,905974,0.11969045432440499,0.20271229303356372,0.8365355634473852,0.3748246111029738
925339,925339,0.09065464880826121,0.1417592877733246,0.8524997836642593,0.5377515615107444
971777,971777,0.09330591294154039,0.15773521359125536,0.8806503974711568,0.49122218882384916
753596,753596,0.15019123326821243,0.20396982109395392,0.7884950842792032,0.3154859998493662
909713,909713,0.10171066435302778,0.1553581730561235,0.8590735947568863,0.5745511580918927
909723,909723,0.0942752387143662,0.134817893218568,0.8361601914767188,0.5118464366951795
905955,905955,0.09568296453677652,0.16247185012308743,0.9062156001746461,0.5222649335417548
905977,905977,0.10442752589029813,0.14211848293580992,0.8234207794205876,0.5276327249246575
910697,910697,0.08350868029603384,0.13884992580671351,0.886062063130986,0.4950405436650861
906841,906841,0.07117996495160642,0.12816461698970158,0.9004913954963015,0.46514743300810635
909754,909754,0.09524071541284643,0.14950130904103945,0.8686339425251617,0.4795448926107345
971773,971773,0.09257479046351988,0.14503115385802526,0.864653933735033,0.4810711572378413
924248,924248,0.17542278145294343,0.19908084256146413,0.41588641172458685,0.2132677757375688
925343,925343,0.10703832833451199,0.16907367639950793,0.851642473139464,0.4842615075066178
909720,909720,0.11530907009970645,0.15815850191942957,0.8374439367077992,0.558324641366424
909756,909756,0.09887977329236637,0.16498995172462272,0.8804325318205122,0.3466864713701808
688121,688121,0.09933224893487935,0.1531661772780074,0.8610344816187462,0.5094566154003615
910568,910568,0.1086503283349741,0.1846229118192828,0.8695585649393023,0.4974571321224194
924238,924238,0.10366016166384832,0.17610497074925316,0.8760225617803961,0.5158484319780132
753552,753552,0.08460420310308057,0.13216497434259492,0.8793411289745844,0.5891381509698406
753584,753584,0.09634824662385386,0.1322763459959748,0.8271254130902846,0.45857264518798396
910691,910691,0.11043778658646279,0.16781052536684687,0.8850265815196062,0.5490713637570354
1240128,1240128,0.10441159150300205,0.14317847412726342,0.8352556000152254,0.5576159924254779
924186,924186,0.12170338619726222,0.18339623794058943,0.8304742157015514,0.32386808389168564
909975,909975,0.09021902709213184,0.13609785446690142,0.859291561411348,0.4516868355409075
905990,905990,0.11062028090236295,0.1545719580907949,0.8395682143861329,0.5029769939500999
907788,907788,0.11864985743340248,0.17238873266339955,0.7969459883439933,0.3408386940752836
1299075,1299075,0.09944430137031307,0.1339396605581221,0.8362322543817744,0.3900348522422276
910942,910942,0.07899197220496249,0.14557824017614707,0.8906815851981799,0.4896749546407991
908454,908454,0.10878941863101306,0.1611232084110811,0.840700014986387,0.45121614618354633
924247,924247,0.12134248217593538,0.17835957596062457,0.8546334189741929,0.5136307617932154
909758,909758,0.10635777092468293,0.16127935697893048,0.8559103347398185,0.4001497131784677
753551,753551,0.08707628981341034,0.14600188141302559,0.8911712494355941,0.341185897577164
910566,910566,0.11528433878188094,0.159097310788366,0.8276657487849851,0.3828142885428155
1323913,1323913,0.11957616417237996,0.16958723894857325,0.8652774529677277,0.4894333194501145
910918,910918,0.10898521842167541,0.16872067414575148,0.878685970382541,0.30239631935273453
907063,907063,0.09626767428671211,0.16066187512384705,0.901857017283042,0.4282554510887125
1327768,1327768,0.09607717444030725,0.14845240838464116,0.8762418603724391,0.4314307356430766
949157,949157,0.09613951370978001,0.13213402840158434,0.8272308246568292,0.4687400217901253
905972,905972,0.1157047036160799,0.1654115821845903,0.8439258059356536,0.4459971618281349
1297439,1297439,0.10184356445118539,0.14370124599519238,0.8830053210016958,0.428688687989203
1303901,1303901,0.12970402616933044,0.18234163512956195,0.826658150543279,0.2779112608345388
753597,753597,0.15296136837392144,0.28489460650385284,0.49661784395565745,0.02329228919613894
908480,908480,0.10937282884483697,0.16287857871832778,0.8557631021378105,0.41994506190772485
688015,688015,0.14064974552699172,0.17228403451250177,0.5443933939964347,0.12859586431483452
724872,724872,0.09113721362631891,0.12436607047619994,0.845945401245781,0.37747348566537753
946363,946363,0.0914823527145027,0.12859802047267974,0.8744510266775167,0.3743158985754974
949154,949154,0.09997306354149135,0.1663885001795007,0.8980656153664753,0.5542122135069535
930082,930082,0.13685408834068394,0.1920077640394328,0.7748056156964733,0.2441845003690044
1330960,1330960,0.15626075446208745,0.1944531700976108,0.7655425831456747,0.41897297030354697
1330981,1330981,0.15620254762731114,0.17389310227114532,0.7137613589015885,0.0948209229550517
753559,753559,0.13487892043823585,0.1776565098230729,0.6417321375196786,0.20361402772691478
946353,946353,0.11012854710855753,0.1481433681953695,0.7883034612569603,0.5148331107087107
908158,908158,0.12239483105558709,0.193147469904975,0.8468882461224219,0.3663401777898598
906832,906832,0.11379066892682894,0.17176564621388024,0.8922176546017295,0.4357317943855389
1327775,1327775,0.11362978921681635,0.1646542377006211,0.8562879069696375,0.49180053782172894
907300,907300,0.10569178220038984,0.15847517342137704,0.8399164215792989,0.4144555881374109
908156,908156,0.13114875173936302,0.19150061068493152,0.8481900743086264,0.4692530211324103
907272,907272,0.09896197977638473,0.14818925118415102,0.8562440748970959,0.5005593677704688
909702,909702,0.10485226782444593,0.165656430663483,0.8939238647199067,0.46540141824160663
907281,907281,0.10345790344683588,0.19894045223172785,0.9061022370610612,0.37444994655512287
905964,905964,0.1117226357333672,0.16808182161288895,0.8746816429636535,0.49767561959920614
907290,907290,0.1473139097129102,0.18820554973770148,0.7052613278301136,0.3245868450595145
949158,949158,0.1160788487350188,0.18218616726075024,0.8422964614217057,0.4188230099232052
949167,949167,0.11573684526360264,0.19089732570694262,0.7239137850129723,0.3725528626120478
924106,924106,0.11113519354863151,0.17045213946568633,0.8824031750110342,0.39087539678345745
1303900,1303900,0.15373761431373206,0.20832862287556148,0.5961306495092147,0.23636664330656537
910695,910695,0.10209441663742388,0.16839132269374923,0.876852891840319,0.439418461199826
909740,909740,0.11830257967903135,0.1703807348689808,0.8425061992483235,0.43143613543603543
905948,905948,0.09633059731408031,0.13813541970061063,0.8246498706805386,0.45092741499971245
910920,910920,0.11985418635360587,0.1708070659128508,0.8110083891587179,0.37549613811281873
908473,908473,0.11843529698258641,0.17439255591155645,0.7970432478451382,0.44013872711208435
924244,924244,0.11025017313778789,0.17927979458871718,0.8679902538523703,0.4484004640571354
908467,908467,0.09111416329349067,0.13930227003319068,0.889283077655216,0.4646987000240818
724831,724831,0.11954036179476513,0.17841684117434714,0.7203125616203562,0.10210105060121746
910937,910937,0.08208225322531923,0.16179743344951128,0.8998055220454045,0.3132218155363313
908469,908469,0.08470521422012992,0.13463393521110714,0.8907715800513933,0.3802208533936111
713885,713885,0.09999597786982298,0.16602155572072747,0.8877058741025076,0.32181439468724937
908152,908152,0.09198558218003247,0.15337169122233507,0.8912933353413444,0.3509617584684098
949179,949179,0.11596206540104408,0.16138254879545025,0.8385163590352193,0.41872881512869303
688087,688087,0.0937420161281696,0.1462174624281214,0.845007904168048,0.4591746056026162
910780,910780,0.08596662367154603,0.13961090828147774,0.9061784892120445,0.508948124430469
910932,910932,0.08862647609892223,0.14658257456401175,0.8699843303364757,0.5187225418986159
1240166,1240166,0.10968859817443137,0.16301108740452644,0.8412448927326317,0.3533758287230113
946357,946357,0.09458143991363951,0.16839388106690895,0.9236946256794388,0.5726103878932418
924187,924187,0.08911641073350365,0.14090905663031197,0.8822856719123676,0.3912039388298374
907175,907175,0.1456471727529706,0.16883087138785322,0.6607621303174817,0.23298910174917326
753599,753599,0.12584775971779746,0.17721639595949398,0.8420969521393996,0.3990393683992181
924189,924189,0.06302678036090018,0.3117352137037098,0.9875250979223509,0.2373574977634741
909762,909762,0.11880311969677768,0.1709026943963177,0.8150486289799563,0.23752813922103594
946354,946354,0.10047840386350766,0.13757197951115935,0.8534158077505504,0.5197967602799478
753533,753533,0.10172163217153654,0.17226928339124695,0.8841390669579734,0.3917944273491178
910779,910779,0.10110511351286947,0.15452307318000014,0.8723176109997667,0.4601699294418575
909732,909732,0.11150497774313677,0.14215128223178947,0.820631284710997,0.524632217626278
909759,909759,0.1134157624237383,0.14844312750777627,0.8073603828857934,0.4084436219052396
949092,949092,0.16217992046590918,0.3520234931166513,0.5894131385052266,0.06745954185576097
906807,906807,0.08257695657988386,0.2141921431431495,0.9495734550512195,0.29983755804253837
908146,908146,0.09031713531688502,0.13829000622534565,0.9007425181367251,0.5499889675910478
753535,753535,0.1035985618431777,0.16972395900232942,0.9148748282704263,0.30991231654842466
1290724,1290724,0.12915764516382633,0.18695103230853824,0.7181649692673748,0.45081839631215753
1240121,1240121,0.10947528887193647,0.17762848954096477,0.8751945741012286,0.44956371209817964
1240122,1240122,0.11153373324443701,0.17960899286189574,0.8664656765532903,0.4421696008401491
753538,753538,0.09752494747339312,0.165939023728184,0.8841435431014368,0.4169207064615924
910916,910916,0.10270035364910128,0.16200410856282696,0.8405902114057353,0.4396523095608466
753541,753541,0.077310341491474,0.14416914242920878,0.921341099143621,0.5484458178162843
906837,906837,0.10594149608706341,0.16522570188678193,0.8443814541776511,0.39951332967862757
910936,910936,0.09455308326628865,0.14420646457601008,0.8756570450299531,0.6179888079494711
906863,906863,0.10785334937561135,0.17128646261580965,0.8684301107683,0.5095043295063755
1240140,1240140,0.11201142892163148,0.1939846534147765,0.8992261893711915,0.48881893000394117
907059,907059,0.11232344121608753,0.17206559685165468,0.8850737763866631,0.41394041619417354
924111,924111,0.1161377197710863,0.1954882519320095,0.8504170603264459,0.15377101899213955
753561,753561,0.10030079236898518,0.1586578017796779,0.8634883728871994,0.3765220167029775
753562,753562,0.10661639453036251,0.17015695157714056,0.8448771127399416,0.5037522468890417
907061,907061,0.13180363239915127,0.2120034410311884,0.7245657638038421,0.16744317188782903
907062,907062,0.10319724150202672,0.17229450206006047,0.8927605350049113,0.30454973047211725
1240161,1240161,0.09275800100580626,0.1581234368997349,0.9061580764033454,0.4630136622475023
1240162,1240162,0.10494895801810171,0.16370171488931218,0.8548795676541427,0.4546306055645797
1298215,1298215,0.10942130532298085,0.17760195107334018,0.8515638895539773,0.42026697900628174
753570,753570,0.126649801693254,0.17663546155644355,0.699800484422744,0.12257952666284389
1298362,1298362,0.10609930730257452,0.16758437492130895,0.9111659918117088,0.31858562611100844
1240196,1240196,0.10588061732690715,0.16372782060981353,0.8606131810380925,0.3958186551668487
1240204,1240204,0.09832967426478498,0.15560896219060044,0.8703969163810775,0.3396637756883797
1298529,1298529,0.11443642241325884,0.16374211167837546,0.785904387464669,0.45471806029411643
1240205,1240205,0.13620129109410453,0.1671521932616989,0.41004953520240645,0.029172965392422933
1298531,1298531,0.1002412228345756,0.18876162704651137,0.9008970120273296,0.5126672659149021
1240206,1240206,0.10028638264460743,0.1679068636375723,0.9060508631907602,0.44749328708541736
1240207,1240207,0.11492652819714325,0.17344263465447157,0.8534929979031938,0.44063598646787766
909700,909700,0.09330523846151774,0.16736010291679293,0.8859277476307617,0.416707558568041
909708,909708,0.09944600666297974,0.17055028595803495,0.8870388582316708,0.31499120854576307
910701,910701,0.11795078390931082,0.16536743513194868,0.797980225341152,0.42385714890657467
910904,910904,0.11416713236033729,0.15738884054456062,0.8236901105200565,0.5782196138173307
909709,909709,0.10462055435202537,0.1617684968542129,0.8722223298922442,0.4147629581396789
1299059,1299059,0.09759099841965498,0.153736699275836,0.8874360331068137,0.33530186551266683
906817,906817,0.12601336621318968,0.1781133191963413,0.7308238514127463,0.266355562895598
1503366,1503366,0.07990142150151518,0.1523644579341607,0.9112154885290547,0.30765964580321786
1503367,1503367,0.10998190730332094,0.13604347513451112,0.8120171768815926,0.44941613511340517
1503361,1503361,0.09468416495833917,0.14676431866770065,0.8666517124815456,0.3451548894274958
1503368,1503368,0.08691505431136692,0.13336267387524803,0.8793338277417801,0.45839459317398595
907317,907317,0.13133110227477673,0.17050593136895537,0.7278651218522336,0.4531603723517074
907318,907318,0.1540526319748211,0.17326906136039524,0.3120676239019669,0.006921268825622046
1240167,1240167,0.09687516657457948,0.15417105981701568,0.8656528009719411,0.4438655747216659
907319,907319,0.13959757266102596,0.19635391870900526,0.650892058552248,0.0683490976452094
753574,753574,0.1039769193566227,0.17052852122094958,0.9130847395265246,0.5347526288515294
907320,907320,0.12434387653366712,0.16453307957948565,0.6651995217352955,0.3635381462842061
1298222,1298222,0.11596485619114898,0.16537131555382026,0.8341684226388739,0.3218394655721018
907321,907321,0.1165455311948729,0.17261970767986975,0.7809861962472822,0.3698585015131454
753575,753575,0.14021995851986452,0.21915727899870907,0.8061331854258554,0.3875817968439363
1503363,1503363,0.09079381620956592,0.1617808030716446,0.8961314123708609,0.2307122347898503
1503362,1503362,0.09131309502560338,0.15928075554769525,0.9165222451497618,0.3871308593652194
910079,910079,0.10602932035993543,0.1678608535561197,0.8857514081727276,0.4940451821996798
1298359,1298359,0.11074066053141088,0.17360580728944272,0.8800958595165186,0.5045828755864596
910549,910549,0.10058909863346654,0.1610408643093532,0.8539912331851106,0.41648744428982953
1503365,1503365,0.09863002952869689,0.13630370256890773,0.8735771858207839,0.4741554764849944
1503371,1503371,0.09795279512910175,0.14693679850288593,0.9152090367510006,0.46423203264697765
1299064,1299064,0.11500643835152044,0.16343116817439243,0.7855713103492293,0.47912617601072716
910705,910705,0.10289106181768044,0.1652754676398775,0.9129427816070734,0.5813736395451651
908132,908132,0.08834399252211281,0.16485123857159892,0.9340894300252985,0.583460561953863
1330994,1330994,0.09791609067934956,0.17671582760313692,0.9357082777950213,0.5427600548536834
910209,910209,0.13306992365407339,0.21732868943551917,0.7312945174471335,0.38678085614688545
1327765,1327765,0.10883266266379836,0.18841415144673673,0.9397750993925975,0.514369928260531
1327773,1327773,0.1048168840942492,0.19867703567166062,0.9385903460635546,0.4969250431493505
1331033,1331033,0.13315957608118897,0.20664776242477217,0.8584332939610821,0.326427063361892
1331036,1331036,0.12243487792478074,0.17687386468747113,0.8157124492632949,0.4080000409244498
910951,910951,0.1091828293691807,0.17765656051964593,0.8880311882977427,0.5159965262326852
908147,908147,0.11849269593022047,0.19919283716248531,0.8843653046836746,0.35206783955225773
909251,909251,0.09781716707910645,0.17084222509362862,0.8788810236863223,0.34311700317258914
724825,724825,0.09236315889601497,0.2239408580242468,0.9097156956881607,0.4274568524420008
753615,753615,0.10144287698422505,0.2059725189435439,0.9187326114504153,0.2909196637260643
998184,998184,0.06118914810942109,0.20315419638265805,0.9552316444108421,0.3021835381657962
1290795,1290795,0.11844130141292082,0.18221707419264158,0.8373324715824086,0.39251677794783657
1290765,1290765,0.14007463453319602,0.18961257749596466,0.5857959578858877,0.29691370624289626
1303912,1303912,0.10007139063792732,0.14822824987836283,0.8189261019914102,0.3597859046225881
753539,753539,0.09070475702700245,0.13602968926412057,0.8074865159009624,0.31429320650626685
949160,949160,0.11167046845310716,0.17138864015403668,0.8691143882474439,0.3083411445411713
906827,906827,0.1052584501140146,0.1625322904024212,0.8219528117194779,0.30331333587297094
1290807,1290807,0.12318656157294332,0.16679237240286068,0.8144767070905952,0.5583362855267741
907060,907060,0.10075151069103598,0.15478212919902973,0.8605833412245909,0.45865195331162434
909977,909977,0.10253705767657995,0.16219661174215982,0.8646727716357951,0.45705277164961355
907072,907072,0.11221736612229131,0.19062962064265965,0.849627986550939,0.43244928505658464
908131,908131,0.14009661497390158,0.18645066468491564,0.7843477967378331,0.46150247526299754
910849,910849,0.09934567606529028,0.16940291521465484,0.834964212709032,0.43620596132657125
909707,909707,0.11917551260774781,0.17020056404528774,0.7881557188442396,0.3467982162699853
909776,909776,0.13950366036143433,0.1884017072646199,0.6783219421367905,0.26388582661646015
910704,910704,0.10690881756560569,0.18021513534584108,0.8805981020000075,0.5294036001945621
906801,906801,0.11086036662375705,0.16429519532732317,0.852981524840273,0.416204960978407
949093,949093,0.0845043242775001,0.137912359754488,0.8584599515705132,0.40897063223417973
905951,905951,0.0976380982560586,0.18281941570049237,0.9149511440122342,0.3815494414132997
906826,906826,0.10880517471619107,0.18322509162233025,0.870167918340651,0.40058791500125873
910927,910927,0.11437371701187164,0.17427136591038733,0.8274843138033828,0.40561811450917074
910852,910852,0.1095170125933101,0.165774796051776,0.8002594116793456,0.22578026757407602
946382,946382,0.16554666733682738,0.20203084888974834,0.5748229993037872,0.08057967485071728
906851,906851,0.10152898670330521,0.17077829274784742,0.8911907740210363,0.336549174518311
1290798,1290798,0.12177859217803277,0.16824955028924266,0.7732252431503748,0.30210464041421825
749710,749710,0.12502797115666803,0.18414287789733058,0.8319705888937905,0.37900514937318
749712,749712,0.123563642212975,0.17156177734530456,0.719473257331581,0.36041627915468
907045,907045,0.10951804359978372,0.18563541453150398,0.8814747702828573,0.5378233151847411
1290905,1290905,0.08654137367124422,0.14768339712980527,0.9183601912688207,0.3896824472012185
907046,907046,0.10883137676494418,0.1710228845479425,0.8316749696924621,0.30006309896572897
907047,907047,0.11314816532673097,0.1880323398260976,0.8750076023942883,0.22859198304190084
749714,749714,0.10029069954867383,0.16013535019496417,0.8663091609223035,0.4209226366157265
749709,749709,0.10673540898800163,0.17713919054685898,0.8998869931742405,0.41505107840757766
1290906,1290906,0.1429311976141489,0.21108450775450133,0.7315905955996855,0.25478801756854863
749717,749717,0.10619091537130002,0.16510847587488786,0.8508564958340091,0.4115412488235859
907048,907048,0.10078440681012424,0.16821263395318012,0.9055186323704969,0.4055101843153646
1290922,1290922,0.10375035299375601,0.17126459788215667,0.8659436003210134,0.40064331623588745
905957,905957,0.1198692524318816,0.15723763227470416,0.7779344781978297,0.4681839176121764
905946,905946,0.11678100059924042,0.1797966115852776,0.8475986169839651,0.3159720658824235
925338,925338,0.15369790032328962,0.18588557919447818,0.5832732364052593,0.1372238884943439
905960,905960,0.10571827539001608,0.16837132780519265,0.8950591192146738,0.4262273628691494
1330941,1330941,0.09886287092215004,0.181128180621344,0.898438190414583,0.4435274258678744
908121,908121,0.10271830295656556,0.16254692506311202,0.8890800932793042,0.48373626857514707
924240,924240,0.13967777537841716,0.20181998904219603,0.6716149757705323,0.3171309591811057
1240172,1240172,0.10140332724850318,0.16828650365328005,0.8730905292975611,0.37418334539508563
908122,908122,0.07799364406143036,0.13471033785978387,0.904580715071947,0.5898834122493358
908123,908123,0.09980440278199373,0.15801378557382556,0.8880839310706868,0.48324265378837855
905945,905945,0.08968197605552719,0.15121420489305243,0.8978533056521091,0.49582373566596855
909778,909778,0.10550027223189651,0.1657413612868431,0.8805156482305618,0.5516571395835691
909907,909907,0.09365632521139564,0.16575441985731604,0.9219002984368831,0.45307925630923884
906853,906853,0.11795116782423523,0.17364501495377957,0.8431203890745002,0.48246080366776045
907069,907069,0.10621336619109797,0.17749413315064186,0.8700492895013973,0.44060992764640494
924108,924108,0.11266364600524618,0.15960050571381917,0.7987639191063207,0.4327202015519404
1240123,1240123,0.106958943718972,0.1409067145833952,0.7486198917205582,0.3865217178151079
1240124,1240124,0.13379776750960848,0.1956661055903261,0.8125225348333973,0.49454315515571734
905961,905961,0.10704611652325235,0.16688222415748874,0.8854567192877363,0.4605944512801193
910689,910689,0.10039458318573162,0.16508215152611946,0.8826017114233979,0.5196918304882259
907291,907291,0.1573253787454281,0.21954964157916862,0.4702783355424566,0.0746171531317186
1290907,1290907,0.10915010936628138,0.1637691859014076,0.8488219239540253,0.46818896742460064
905936,905936,0.12214710356821541,0.1766309989693932,0.7826883123066427,0.36948751930552187
905937,905937,0.11196402841988713,0.1744929546421568,0.8110727652944323,0.45673476986708766
907289,907289,0.0904755790588305,0.14298662858249409,0.895454018325335,0.4942579004293849
905939,905939,0.11078567420574215,0.1689690539995238,0.8546854109240613,0.38594854804438644
907287,907287,0.09838655631673554,0.14686245850991192,0.8746550091297266,0.541031062882556
907790,907790,0.11106463761230771,0.1758838645111748,0.8811263697287325,0.40217949344679793
998189,998189,0.10530200671717882,0.1522811874047783,0.8759515416456068,0.44722850373731937
908482,908482,0.10534288052117986,0.16627948470371517,0.8822409927870188,0.3255392821375157
909263,909263,0.10795857459995477,0.16886619806692454,0.8539232931109728,0.5336035195052297
909718,909718,0.1353322699313054,0.17757573019493303,0.5305377873929109,0.17484029057851233
1659823,1659823,0.12991133905639568,0.19541486243551276,0.6501118530520211,-0.027702167430252934
1660034,1660034,0.09537910210971656,0.15516204024692679,0.8984679050436828,0.3670002502461135
1660035,1660035,0.08260226254243122,0.15611100141851914,0.9152384371577817,0.25173237044216307
1660036,1660036,0.08957637718088532,0.1583174699517969,0.9182248347931857,0.5447982360654746
1674021,1674021,0.09521809734444367,0.15917790129502268,0.9036748039228091,0.2977833064975586
909746,909746,0.07164517258643625,0.12508176897399675,0.926345002811485,0.3858731804519081
909747,909747,0.08640919354970057,0.1469056882943713,0.8886946036562353,0.44939279410097344
909748,909748,0.154080848815811,0.22268423812118804,0.7733406681009934,0.20967438431943988
909751,909751,0.10697720320401863,0.15855910038707116,0.8673918844279822,0.6102137113004515
909755,909755,0.12336024421637451,0.20657627097273962,0.8820881675988727,0.23070805112331344
909757,909757,0.10879398365257784,0.15283761816993757,0.780488993617509,0.34901748448097514
909761,909761,0.09063402252273364,0.1421256175650105,0.8501673388783171,0.26756869440363285
910850,910850,0.1128766418392303,0.1665486968333563,0.8071398756596564,0.4362284377876618
1240147,1240147,0.11686761130139985,0.1803844624742142,0.8277506522755207,0.3402335292163103
907057,907057,0.15709775862593908,0.1613234871917546,0.14038200945396992,-0.023296107470383475
1298146,1298146,0.11185924314906703,0.1783405160885018,0.8682613153517412,0.46450547163342437
907071,907071,0.09191675634689586,0.1571125755184007,0.8996537023878559,0.3999393087548724
1298151,1298151,0.08383104139051736,0.14718467758871015,0.9016905050720265,0.543571377191681
1240159,1240159,0.10124662877210136,0.15760596464252888,0.860535426249265,0.349397896171341
1240160,1240160,0.09389585891997801,0.14394098180175835,0.8420903086213439,0.4397727660739214
909719,909719,0.12451727132395511,0.16443656513794855,0.7477927282702357,0.3377245914173687
1240216,1240216,0.08998708100717738,0.1526922219356066,0.8962718666374384,0.4315353605201893
909736,909736,0.10956999667094916,0.17100784554196566,0.8637254252368237,0.40562786597412187
1240217,1240217,0.1172385398280695,0.14585281740269346,0.7475227240889188,0.1397161055747084
909737,909737,0.10370600100123357,0.16482142796164184,0.8641054617187418,0.40683624631476506
909738,909738,0.09995785910288653,0.16534505450628983,0.8765019873169411,0.3909581644998236
910924,910924,0.09685201627530193,0.16547194036558038,0.8986066332588406,0.4246984158743995
906848,906848,0.09459128498544664,0.1695987074886935,0.8700562134725072,0.3419605215497615
1290806,1290806,0.110392008094564,0.14695393943395565,0.8190613183108979,0.3653373727965302
907055,907055,0.09986352212332968,0.1614070627460748,0.8875392391622603,0.5015628521913994
1240151,1240151,0.09814236635648457,0.1524962990521086,0.8916452967280193,0.36683244400426857
1240155,1240155,0.1361091127586836,0.1971185409886734,0.8169286680178797,0.1445014485643816
907276,907276,0.0843218614053858,0.16695691764480336,0.942192924349575,0.426839667750701
908138,908138,0.11822568484496716,0.17962476488492873,0.8366637296050742,0.22567364450821503
925340,925340,0.11033790516960185,0.1612775670155838,0.8506268605662015,0.34181441493526876
924250,924250,0.09266458654790329,0.2057384046876316,0.9259106566417727,0.43085238485311467
908461,908461,0.11047583293032648,0.21330981114833863,0.9200361520440493,0.5397041660272794
908455,908455,0.12113247108770804,0.16582850430750068,0.7379169243107953,0.23575867239395182
1298357,1298357,0.0860864759605623,0.1378505141761089,0.9091882738395369,0.49977063572321023
1240209,1240209,0.13436620772666022,0.16399207202110327,0.48652168186172073,0.07715608577946316
1503364,1503364,0.11034363022823454,0.19482739666083568,0.9102053312821363,0.5176870266212422
909770,909770,0.08732491984992254,0.14695826662920433,0.893473404260891,0.4676357582628805
909744,909744,0.10590709955631845,0.15198451720049794,0.8489695570698622,0.3196376333046047
910922,910922,0.10940319163119745,0.16140880156258677,0.8221343887012595,0.13151148091735254
905947,905947,0.14700670460793924,0.1564468509689143,0.31077516848891823,0.06205229051252309
905950,905950,0.09929300003885405,0.16045662191999427,0.8731044615361077,0.31543880873853736
910698,910698,0.12702560420630943,0.20147341663565443,0.753063386472577,0.1533609286676037
905963,905963,0.10621848735869348,0.18526393416857,0.8954854606209398,0.3647526291040537
910952,910952,0.12842094163427156,0.17680832398669705,0.7818738532677159,0.3226821087560266
907299,907299,0.10811050016723134,0.17069610284499812,0.8952263152870401,0.4653748097378112
1298168,1298168,0.0913144020099518,0.1437020701283403,0.8854913531310611,0.4519685490214604
1298169,1298169,0.08550468028261099,0.16443250250861258,0.9013374954171443,0.45688796746717475
1509073,1509073,0.11576563310700713,0.2280826469419246,0.8958076314223004,0.4552947302567971
1509074,1509074,0.08384904029629506,0.11525037699118726,0.8767816598480932,0.38982076644528396
1524418,1524418,0.11431274701030389,0.15258462519382307,0.8133335936269986,0.2704593037167398
1524417,1524417,0.09310698571259565,0.147746189131691,0.9104515741268766,0.4330585473956911
1524414,1524414,0.09281589198415485,0.1460239958917495,0.8939786585389331,0.39903162515396506
1524416,1524416,0.09104419722657932,0.14769140004981945,0.900300665611589,0.36730925065329256
1524419,1524419,0.08618193919825923,0.14777177300921532,0.9044983627916258,0.30345216245421847
905979,905979,0.117624315394162,0.19038861153566988,0.8135339919118044,0.16107565728083784
905981,905981,0.10254359908876512,0.16886110176546282,0.8884421670058377,0.18784590841817841
909781,909781,0.10013100606022884,0.14865252142977997,0.8425513030588558,0.4114541089840942
905949,905949,0.11589695092788706,0.21821412865703863,0.9022093995708627,0.4592132883941595
906791,906791,0.09930553716927934,0.15751122848714588,0.9048084422158134,0.37035166310780687
687777,687777,0.0898630749524165,0.16144443299377703,0.8895776992026247,0.39218459498303726
906805,906805,0.2023703616756956,0.22371354876424876,0.28091446776160467,0.0005708450053229313
1503369,1503369,0.08576341723080375,0.16517629201354223,0.8897867191805814,0.2842170227705473
1503370,1503370,0.09479883902439137,0.14897774689290194,0.9064035745877066,0.39046458643204585
1247873,1247873,0.09678422859619483,0.15295090237748443,0.8686743381781834,0.5938329151137834
1240145,1240145,0.10129998499722878,0.16845265271083443,0.8607859282252717,0.42939150403980486
1290908,1290908,0.08388929198115833,0.1491541931146198,0.8941607121193804,0.4235327658699477
1240146,1240146,0.10273874832338237,0.15954659083822106,0.8839474667430288,0.6001566428627892
1298347,1298347,0.13308475040285156,0.18159561338967384,0.7075731274802884,0.22528482293760366
753600,753600,0.10228575735598382,0.16606673001900435,0.8654885143239012,0.49108153692683665
1298348,1298348,0.11134184244233276,0.1641386590856308,0.80872527924382,0.3557074372024092
908472,908472,0.08749135641090271,0.16187292906173933,0.9150462226491707,0.22197980936392364
687798,687798,0.09470805746075553,0.1525196106643484,0.8897317259371791,0.4707691315777186
687800,687800,0.03718113881010664,0.14010608102668187,0.9948256009920335,0.391451175796435
910900,910900,0.1136193233604837,0.17338699575532385,0.8463952218058257,0.3366745315024911
687802,687802,0.11643474506599687,0.17390998556887008,0.8499613979486963,0.36921739425852385
908474,908474,0.12275020174475999,0.19516790395750228,0.8466270661109204,0.4357459847535212
908475,908475,0.15142212566551136,0.1841320647912089,0.6513580005404062,0.3142268371942602
1298350,1298350,0.1205200385907641,0.16662460228434853,0.7625066474391544,0.3772878878302611
724868,724868,0.11153997513417006,0.16907043223112078,0.8241152313188955,0.5506990842078341
908463,908463,0.09147564753006612,0.17839714281583227,0.915612421239642,0.2684985505041882
1240185,1240185,0.09303772947567365,0.15132282576801928,0.8864046700884236,0.4506822178182343
908476,908476,0.10155703334395708,0.14196882242752001,0.7832392044250833,0.16807968975591128
724873,724873,0.142804513014026,0.19397872668312116,0.7480901068713091,0.40629990722598797
1240187,1240187,0.10148524214649846,0.15805050230724976,0.8740072264749488,0.5022210254057106
722045,722045,0.11578367170389278,0.17152563730364134,0.8671799469031167,0.3186391570650856
687812,687812,0.1067524393104756,0.17360344618662632,0.8903702874147312,0.344613034386744
724834,724834,0.1012121605445964,0.1686764576048138,0.8643340690015663,0.35539292184139465
722046,722046,0.09492681958030402,0.1779684243089636,0.9114524493122185,0.3518173798846943
687816,687816,0.11887085762155725,0.19123011193788803,0.8367998832386849,0.2098622026075479
724874,724874,0.09468939159199649,0.13117874484055883,0.8092840940506566,0.5591325437423414
687819,687819,0.13073486106393956,0.1658285352595129,0.6124812985441491,0.2386017346649457
687820,687820,0.10304162861280197,0.15594206227020607,0.8520920636582833,0.43585907512079725
687821,687821,0.1016978403853421,0.15412345968704225,0.821834398424018,0.3687059564789706
753604,753604,0.10675961640604703,0.17918320939188376,0.8737064914461818,0.43076218812588507
908465,908465,0.1272521008274523,0.17593817987484767,0.8041111500504092,0.35907188666146295
908460,908460,0.1197706150035405,0.18356208440817476,0.8530907483606406,0.4082826406999665
905944,905944,0.16088527149142584,0.1772524158383776,0.2919185587404099,0.05273127280484682
908459,908459,0.11425611299024079,0.16726110804355376,0.7860038524612881,0.35768097348002204
722066,722066,0.11564877937703903,0.1647862064833691,0.7837104481755557,0.5809376340746671
910399,910399,0.11391351771198861,0.1818602028125309,0.8820777377396809,0.4011655783674459
753608,753608,0.10457721780765257,0.15495532018358954,0.8556277002153821,0.506761216202843
1298537,1298537,0.08867734275765614,0.17104063337804964,0.8918769605461441,0.4470860652792948
910931,910931,0.09103465377574718,0.15802364894525808,0.8641668941639751,0.4503048327097107
909721,909721,0.11635383558601406,0.1688378269339305,0.8367778754380591,0.24913491423374742
724878,724878,0.09996957397234324,0.16119028127718402,0.85159383596373,0.44203926635817214
724855,724855,0.12489477758952945,0.17169231878949767,0.7814874037381621,0.35087460214397626
753607,753607,0.11753317039622627,0.17027292801618898,0.806163193475693,0.367354125053894
909779,909779,0.11615644127387166,0.1738699448559276,0.8331067320919343,0.3793451729543869
687780,687780,0.09806708478284469,0.15884246710797834,0.8826737780885331,0.3949044695451668
905973,905973,0.12247088903656059,0.19768509928608635,0.8239171755766723,0.27619399044037557
753586,753586,0.13092562895434576,0.16246392738875914,0.7153074819841144,0.4433778798775106
946361,946361,0.11176709804198907,0.16887895626375277,0.8614094404259156,0.46873533396841555
907796,907796,0.14961140426697492,0.2194043369538813,0.6394957578708409,0.14906099523167213
1240184,1240184,0.09947809843588085,0.18651929468697043,0.9151369929421369,0.325651682827569
687829,687829,0.11993195673513626,0.17996251057962304,0.7004731009185065,0.2107954061371967
925341,925341,0.11514593861511353,0.1847617541429015,0.8610458752788126,0.3624630505015515
910851,910851,0.12349772852343595,0.16743673286792493,0.7528594071361399,0.36417349396797416
753534,753534,0.16388946961982176,0.20656236604194725,0.5935036739786893,0.04079999510473721
753540,753540,0.10755191252045315,0.1538766144175385,0.8446505298212272,0.42992463747610865
687596,687596,0.1315094310557829,0.17576985353194755,0.5421969365368233,0.06720527833183779
1240144,1240144,0.0863367604029712,0.2154026768172775,0.9474716219825604,0.4521380243087748
1298351,1298351,0.09319507593237612,0.149842749492269,0.8776739656343919,0.496612906938618
1298353,1298353,0.10385704841978789,0.18337834845512296,0.8859369245389743,0.35882980940550724
1298356,1298356,0.10352803121327851,0.1668317576509628,0.8695650498304175,0.4566662983224304
753554,753554,0.10601266578883477,0.16633785411725016,0.8749605448111222,0.5080766802072784
753556,753556,0.09658524444562257,0.17638769086217834,0.8966884012222784,0.4356031051277499
1240142,1240142,0.10390351515606874,0.16523096848812666,0.8745095600494681,0.4557278405374669
1240143,1240143,0.09945274882994519,0.1688922108329959,0.8660534043737357,0.49619775865998106
753569,753569,0.12393036068067423,0.1933508781383995,0.8861824611730696,0.5287851172094177
1298223,1298223,0.11036427815088985,0.17991397562857753,0.9107059760656447,0.3804665689684458
687787,687787,0.10178632977629484,0.1581246050546318,0.8829992638074419,0.5866765222382921
1298226,1298226,0.11446168764288005,0.18141683639979048,0.8349795169541248,0.32730962378917516
687815,687815,0.16048500721067185,0.19402854967896613,0.566020923944683,0.1145576112688759
908443,908443,0.10792682317749043,0.18791124720815153,0.8891565992285184,0.35059515236853384
1298538,1298538,0.09583534189697954,0.14694092751773116,0.8797838846337674,0.5282813267522748
909728,909728,0.08684518740229001,0.1496011621895359,0.8965801939928733,0.4738178609903484
724879,724879,0.148979339409593,0.17274591521734148,0.43193094834878254,0.06170058447829983
1322213,1322213,0.08024110719429363,0.1752698560533291,0.9265184271484219,0.22697793984778908
1322212,1322212,0.0877384360123791,0.20218661749916902,0.9545493684898079,0.6133226082578742
687985,687985,0.13179943960179247,0.1943175524195987,0.789024200161986,0.4673635574808275
907295,907295,0.09605728486613861,0.14910139526554933,0.8413822882784991,0.3531929167277794
713899,713899,0.10391380033700363,0.1536963151791498,0.8448757845144671,0.45458433842163226
687995,687995,0.07926050918501745,0.15556605505400853,0.904878796660469,0.3528372087627283
908468,908468,0.07879054544452302,0.19583745404026456,0.9389259491774139,0.544141720692631
1330964,1330964,0.10455270288563127,0.17623888026103787,0.9265844344641685,0.6212280024648942
910899,910899,0.10675252236906604,0.17044619930050206,0.8346003114629367,0.40799913207843835
1298349,1298349,0.11143261142244158,0.17792801041167722,0.8356020490433664,0.40113045057933894
1240186,1240186,0.1842224962599482,0.24095394403937095,0.5843355883612431,0.014744179111284134
688011,688011,0.11504573158179776,0.16037616950071648,0.7416178281314021,0.16968440900529205
1330973,1330973,0.11223813055895544,0.17350343285343026,0.9092087666161344,0.5249090172586879
1240192,1240192,0.09229250579133362,0.15668807724678446,0.8679110454904017,0.504397661137552
753610,753610,0.09719105652357835,0.15357106341982593,0.8762680796978296,0.44236315893790507
713880,713880,0.13153896065461962,0.17337513795150777,0.7929933722648176,0.36562249527349006
1290808,1290808,0.09826676530098935,0.1736343506792571,0.8630956171365545,0.4778587737594018
1290809,1290809,0.10674555990901016,0.16743903552652709,0.87124908796154,0.4190577737103217
1290810,1290810,0.09624367665114693,0.15183015592529486,0.885069683655004,0.4712236756789923
1240131,1240131,0.10096551902398829,0.15828138009594023,0.8482440230500486,0.29990131269635373
1240132,1240132,0.08340129667658827,0.15354362510290742,0.8953897726671975,0.4470240928621868
1290812,1290812,0.1085044484034281,0.15087719719113862,0.6822393572732973,0.3161782488959676
1240134,1240134,0.09493644119155799,0.149123106261323,0.8492672228882304,0.32605808954640914
1290813,1290813,0.10653094812681366,0.14617704863165148,0.8018169069995486,0.4462036180096243
1240135,1240135,0.10276621621976963,0.17148930643579544,0.8390163281206856,0.31311320802238335
1240136,1240136,0.14440653065379494,0.16089703651153095,0.18897804314080704,0.012594206562869529
1240137,1240137,0.13662624427589476,0.22576261520860735,0.819764400133711,-0.05462338745104149
1290814,1290814,0.16499011981604567,0.20889716634936106,0.1788434528771876,0.04185258011052076
1240138,1240138,0.10696355254853476,0.15469352186878307,0.8024485584970963,0.3942396615531088
1240139,1240139,0.1194000115361176,0.18254164027136074,0.887321879133619,0.46745053194764613
1240141,1240141,0.10460700487468597,0.16901068609637654,0.8479170686923053,0.4317901538090337
908462,908462,0.11047918471518799,0.15607738393925072,0.8082302077047266,0.32897004179260725
908470,908470,0.10546744935772578,0.15341248848761418,0.7971163596488522,0.38804388934628725
687561,687561,0.10503087166594097,0.1621480207601839,0.8389405547552293,0.37687258949528085
687563,687563,0.14672760916627012,0.18752969174075734,0.5020326811382935,0.06560860701358882
906823,906823,0.12661337127905273,0.18405865391180773,0.7983740191030323,0.31445177024852333
946377,946377,0.11392458950896703,0.20704708280738204,0.8024738705288422,0.33465035301935087
906835,906835,0.11514993858220804,0.1703139593306305,0.8237218031401866,0.4420342976817486
906839,906839,0.1087312314204902,0.15544832471074174,0.8256445917152565,0.2762800891219045
906868,906868,0.11355601977056848,0.1752341524177662,0.8543159117850809,0.25316908133528687
906873,906873,0.09666596789675438,0.15625794510651297,0.8749115739026587,0.5149444258569046
907042,907042,0.12421745436293899,0.18832902952297026,0.8171489189390135,0.34405414565830733
1240150,1240150,0.09533499208142852,0.1541426033246027,0.855463791976655,0.4527165098554537
1240168,1240168,0.0971820138605514,0.15113858853093518,0.8909269078876602,0.5125392653842354
1240169,1240169,0.09914199550535861,0.17476778247107577,0.8742982402903514,0.3926652587292413
910694,910694,0.12406822005211923,0.19217500605165957,0.820400239914226,0.4909535831610941
1240170,1240170,0.11603628851434478,0.17236248857318798,0.8641704170228927,0.501234351843743
949094,949094,0.12934949528571332,0.17272246272730246,0.783365443726233,0.4019020710718145
908144,908144,0.10085826576490645,0.14732841729857704,0.8632187673921289,0.601653595693773
908145,908145,0.0966631858733762,0.15161378093192643,0.8923853229065072,0.48029360586147074
905985,905985,0.09490731766725155,0.1606526677087893,0.8701496763005849,0.45970608960321996
909729,909729,0.11800363813346948,0.16050927945130428,0.6726285012918718,0.1601391189151256
909745,909745,0.12274400375112123,0.18505992333283364,0.7976671696490495,0.2960540202713478
909750,909750,0.0995350863271057,0.16070247462779308,0.872097782325171,0.5058949391831515
687586,687586,0.0953696306349401,0.15034996720038404,0.8624376611480267,0.47952654831743874
687588,687588,0.11654769144923471,0.18608978852234878,0.830022377460535,0.42854340459135704
905983,905983,0.09173198054461926,0.1530324216916007,0.895133269498442,0.4322263822090884
909905,909905,0.08325371510230638,0.13636153267387147,0.8855189086813843,0.3111069171318125
687592,687592,0.10936940590678546,0.18185733510357194,0.8557077096632189,0.376982346009693
906833,906833,0.09136393743900131,0.15546949914554814,0.9070684742825961,0.5663722460907594
683667,683667,0.09391697879602975,0.15237876830208444,0.8778968296504157,0.5767681392588779
906820,906820,0.11157541973750315,0.17317800511505227,0.8926151686610835,0.44071737909250397
724828,724828,0.1335099038163744,0.19538620604125373,0.8703572990583319,0.4320725064666788
717431,717431,0.10990326656358759,0.16732203714340135,0.8234875194190681,0.3865384879160234
910702,910702,0.10573739529198656,0.17981986157219335,0.8903447400239017,0.4946357730394505
906693,906693,0.11997033635952507,0.18790763799402602,0.8498376593551653,0.3944497844766193
753624,753624,0.13667821649477235,0.19056793740776404,0.7794269965680343,0.39577184630751044
910915,910915,0.10166842088623892,0.15762505501662724,0.835596456966581,0.4546124966690817
906821,906821,0.09603668455255662,0.15617030624186068,0.8381546204060466,0.40861884073587706
1290797,1290797,0.070607759880258,0.11784309011495923,0.9147290682047575,0.5138742715286225
1298136,1298136,0.1556545156919304,0.18440004769534304,0.44396639952628697,0.022538112549675113
724869,724869,0.13740540202532317,0.20380466083903323,0.7578654443398103,0.14951375839267073
1298141,1298141,0.10283764741701173,0.1817675961294309,0.8758693769114595,0.3993299245652079
907285,907285,0.1128821822415943,0.1899725446811239,0.8901606633685752,0.47874293052604655
907286,907286,0.11369824380994273,0.17913070912468387,0.8532460598050458,0.3322948506262015
1298216,1298216,0.10565606333765007,0.17839635362881856,0.9131193256988948,0.4807966499353776
1298219,1298219,0.09788795722060387,0.16114110219578867,0.8700938245278639,0.4689039523504811
753572,753572,0.11835435252908173,0.20509633874868016,0.851838987616482,0.15931089089282002
1298475,1298475,0.1227122489575648,0.18985515793533372,0.8613922251909475,0.4617922930477804
925346,925346,0.10006762862370644,0.16618952073324095,0.8449026132998381,0.44630422730505914
1298476,1298476,0.1035913229287064,0.1713500019656192,0.8961442704886691,0.4943112009732219
925347,925347,0.11343068060079464,0.1807193756447992,0.9081422190465076,0.3255631462233266
925348,925348,0.12908010762045374,0.19563988912913466,0.7838119182788215,0.15275422816255252
1298526,1298526,0.1131998804289767,0.18054180666470007,0.8939962329563237,0.4689099955651561
1240201,1240201,0.11544630766043977,0.18218632649744207,0.8285130020363967,0.2859385089713412
1240208,1240208,0.15058654247403605,0.18651007451875495,0.41325281127257885,0.0667887509238991
1298533,1298533,0.08605433848340374,0.1392415520893571,0.8904517928731227,0.40219597203426555
1298534,1298534,0.12570675733646103,0.1657802534112017,0.6526415970821496,0.09726359320647134
1240218,1240218,0.1035697029530315,0.17946069356550562,0.9052186175729384,0.44095194204483584
1240219,1240219,0.12740980198807922,0.1825270428580017,0.7968535287591701,0.36831544963547885
910907,910907,0.10067181957703612,0.19689266889402482,0.8780270611756507,0.27329852149300493
909904,909904,0.10710276104959267,0.1680670773909728,0.8333315825475285,0.3148407479865016
1287706,1287706,0.10701002238276544,0.17671825427935225,0.8885765040643714,0.5068074465745633
906792,906792,0.11279502300860864,0.1723722798853629,0.7736413186901361,0.5264846557331573
906793,906793,0.13019037895471725,0.17448290382832968,0.8163774222912281,0.43963964693395663
906830,906830,0.10858703196970876,0.16956460275930138,0.8488750886814795,0.47004164786827757
910853,910853,0.10850833732733367,0.17641547738742058,0.8630887268342462,0.4192154715444724
906818,906818,0.12420263130932763,0.1878808450822223,0.834508808055584,0.4270810481720619
906814,906814,0.1232152489029239,0.18131068966738764,0.8440765288004746,0.396252593891877
753545,753545,0.1104180332793776,0.14927566460343342,0.8408204995352214,0.554168956228283
906865,906865,0.12309970422732919,0.19643509874819245,0.8390396536595265,0.27128198272022674
1240130,1240130,0.0958765925153237,0.1737792914878355,0.9091858684128372,0.46899417674228816
907058,907058,0.10202118236462235,0.16287636476820877,0.8678647879918463,0.3129826266781205
1298145,1298145,0.10193866244376726,0.2037433405111017,0.9086455858517166,0.08642118516227601
907169,907169,0.1371790350986441,0.16658832627341966,0.6876674512110819,0.28536804941026445
1240153,1240153,0.11715985599213492,0.17820673301899498,0.8531670089388582,0.49456903503948624
907171,907171,0.10385297706439048,0.17746745270875883,0.8776351891382113,0.4944216703973888
905975,905975,0.14025890868749585,0.18328734975363603,0.7696832475033542,0.41190090689411873
908124,908124,0.0850764271131846,0.1923501790629428,0.9486695206031854,0.5621280427067697
908125,908125,0.11505589111735522,0.17676836791551825,0.8155446436491467,0.3191393789440974
908128,908128,0.11058118329942182,0.18164873539828386,0.9101788260020541,0.33266450566142514
910903,910903,0.09118869817928293,0.1826527398045862,0.9217112519381285,0.5076912895187158
909706,909706,0.11255371660667848,0.165946225196961,0.8019145069591497,0.5556227755630533
909725,909725,0.0988630652971417,0.1616824159860799,0.8813689620116147,0.40351153920039773
905954,905954,0.09718313402825651,0.16125909641407338,0.8817724925306966,0.4180450161141379
909724,909724,0.10177426306257815,0.15627679338514794,0.8861347862357463,0.4637284089640035
909726,909726,0.09790395195636138,0.15447156462222084,0.8865024812973941,0.4743704744634306
909727,909727,0.16729944578603528,0.19246428498565818,0.2769670732253154,0.10939147099362871
905956,905956,0.07822967967321034,0.13905330549728614,0.9194298135335857,0.46755232764464766
905976,905976,0.11240987905331457,0.17940727250001487,0.8565901684725077,0.46551281528184224
909784,909784,0.11386946258886166,0.1674720461541094,0.8439496879051747,0.5589625188160583
1299078,1299078,0.1110902807160468,0.18804402470259193,0.8896324805683469,0.398398145431042
1240226,1240226,0.1390536950963271,0.17321438104272527,0.660714316563357,0.35556795761501875
1299080,1299080,0.11861718419308694,0.18823563629252757,0.8813858084344917,0.4991979352866978
1299081,1299081,0.11153543436567641,0.18618433969476056,0.8708172722710422,0.4288810546646917
910925,910925,0.1181344887225885,0.18563778483512686,0.8047031899657565,0.3323998075623197
907064,907064,0.10302726840637848,0.15661678757394543,0.8462975809330551,0.4967173869232183
910784,910784,0.15500618050172996,0.20208644636207543,0.3662977735991945,0.06571500783646847
684052,684052,0.13833711398468942,0.15436185710375502,0.46593969010139447,0.00046835015286615796
909264,909264,0.14126112361203316,0.2009415991155244,0.7769999287366487,0.21321910815910142
971774,971774,0.09957526506157748,0.18457168127564105,0.9155392180422812,0.3274973621264229
1240210,1240210,0.09197204005018564,0.1492108275380074,0.8809061290081577,0.4291434014241792
909716,909716,0.12318678346306225,0.1763720006848529,0.6903146153538768,0.38108407920158316
907298,907298,0.14035762125146448,0.1833924084522218,0.7608744232497312,0.3953460258916076
906999,906999,0.1614675055373364,0.18112840017428777,0.1216974528314034,-0.01668284203218169
906795,906795,0.13170171425066254,0.19183303346610409,0.66838105118615,0.3111561505466992
924102,924102,0.08198769978496993,0.14271447135874288,0.8976301367317744,0.4656562809089492
1290722,1290722,0.10695261515589682,0.16811038408189122,0.8354538734962524,0.4320454506073436
924104,924104,0.09317776084626453,0.15711559579274972,0.9192907377695082,0.22618496878046873
906696,906696,0.09995114277444872,0.16393204352770666,0.8923291376009678,0.5957666716734209
906828,906828,0.09155968120680813,0.15744352170190168,0.8943102984533331,0.5181496418941803
906864,906864,0.09621449940267764,0.1540075577568174,0.8600737285046162,0.4232106783180031
924151,924151,0.10348771283703824,0.18074712053794367,0.8723996092782912,0.3236057386577494
1240154,1240154,0.10684296951516233,0.16452237035938144,0.8857476452586667,0.4753318011443846
1240178,1240178,0.16137980314479555,0.18898947095811294,0.38512846419352204,0.13417852934708704
930083,930083,0.1187482108611285,0.16655013991222897,0.7678667275350408,0.4438772665105555
930299,930299,0.11010130156092861,0.17215298959750563,0.8273198732048256,0.21793368301116905
1240223,1240223,0.1065397462000163,0.1594390322557447,0.857134243516754,0.47554476828211945
687452,687452,0.0788289373331862,0.14393797679985584,0.8852981050438016,0.421283147310171
906798,906798,0.10347935881395635,0.15927243733655,0.8275323229287295,0.34733752496785975
906797,906797,0.11531047263393075,0.16196356778569548,0.7567803759248873,0.28347658932918385
910926,910926,0.10723896244682278,0.17042582460920525,0.7785007361550458,0.23290690673557193
1290730,1290730,0.09040051468740452,0.15024601264509263,0.89456808323749,0.49007818167121603
907065,907065,0.1173154554025809,0.15219016368973665,0.7295868268542413,0.3655061738162228
907066,907066,0.1334697307810698,0.19517301426758646,0.8062180077995291,0.37624296533099033
753566,753566,0.15460309716314122,0.19403213828062643,0.45106724180821994,0.05597817664633299
907312,907312,0.13091544808241792,0.17032129730443596,0.7458631534131521,0.3410809461560234
909704,909704,0.16860165498822668,0.1985301726671473,0.5217931504239919,0.10732181556766655
687455,687455,0.14084409054130725,0.1747461350366286,0.6641936263917657,0.2637746133582476
909749,909749,0.09735671529370019,0.13746839921634393,0.8197924387683886,0.34086111541120523
687457,687457,0.11533722903365791,0.19121085218198464,0.8441904847899847,0.3597408046295871
724812,724812,0.12119277144325147,0.15631377372990846,0.5483181694622155,0.14190332148554874
687459,687459,0.11411276744033663,0.1675703352641432,0.8639301029674625,0.20327229003531117
724838,724838,0.08170621878399145,0.1642094348787472,0.9233411102976847,0.35327762602582097
909780,909780,0.10638288303232153,0.18802596347080586,0.8569246763250847,0.1803519561520559
687505,687505,0.10438325459761393,0.1508286083951657,0.8536365203096519,0.521881239443694
687506,687506,0.09632830429162931,0.16194836365748294,0.8951632293699427,0.4903999973011988
924107,924107,0.10985486304378211,0.15320663649989782,0.79003031668084,0.4764814348464833
906824,906824,0.11040654165018537,0.19638306627885466,0.9040615076034824,0.44341150763070036
906843,906843,0.1289093396663636,0.16992734677783367,0.7924985547405035,0.40138936460340846
1298134,1298134,0.09370266279734504,0.15437026226957956,0.8817581345668323,0.30336343682142597
907068,907068,0.11400471291514795,0.1761876756025355,0.8860751671594687,0.5246365764210349
687514,687514,0.10836949811211863,0.179203969444294,0.9002027524196891,0.4789181592485039
1240179,1240179,0.10548744473775655,0.165277905540345,0.8559373564516708,0.4465675684645027
930297,930297,0.08636400667080149,0.16118519789188013,0.8798555047816683,0.3524359677923806
1240212,1240212,0.10290845909853741,0.17412630820835884,0.902467277443737,0.46644210803687713
930298,930298,0.1144949992447297,0.19239393021572118,0.8677981283007468,0.4959678063521367
724839,724839,0.08897282573379225,0.15748156643805783,0.9123952261446355,0.49763526907217626
910781,910781,0.09979517820788372,0.16012715482847356,0.8548351433612444,0.3004629514828498
1240127,1240127,0.0943628809897227,0.15671849682288821,0.9086457158947931,0.3942971250057967
907000,907000,0.09590102655657326,0.15748157642146707,0.9008819712530635,0.5535863334924132
907051,907051,0.11225595527937346,0.16921634551012033,0.8356551859369276,0.3304753654856366
908129,908129,0.08632081409067319,0.14241965141858576,0.8778737812403611,0.4061137123664684
908130,908130,0.12866110950008522,0.1850911015536197,0.7978621956570833,0.4303497291500474
1240174,1240174,0.09762912857851062,0.1594436862529986,0.8413115985641781,0.29355491370404413
909735,909735,0.10699404453274948,0.1492688556194455,0.7941636248609212,0.4329832089297
906804,906804,0.13451251976119635,0.1730089705035965,0.7624006178977962,0.4048573477859995
949090,949090,0.128362339801957,0.1655365112843208,0.7049415542160811,0.22114225542421978
911905,911905,0.09977551021217948,0.13299691504962746,0.7945768794505014,0.3835278626428714
906852,906852,0.12979017810212767,0.17028071233068479,0.7587699886509501,0.409138313741804
1240129,1240129,0.09669556922462383,0.14060550170102068,0.8553633141517638,0.42351034129137216
905968,905968,0.11219169021308983,0.23641503368929834,0.8926206990073172,0.283471566554384
1479995,1479995,0.09315690610569491,0.13564342074253866,0.9026230865813643,0.39054119920408026
1480358,1480358,0.08509906246647696,0.13099180567763058,0.87482134469165,0.4288604976284419
946360,946360,0.13877951280713835,0.17707464052159438,0.734468513166265,0.19273719938918776
910548,910548,0.08626641877853038,0.15945257264121987,0.881007658829577,0.3502460419317934
909257,909257,0.08750917587827343,0.1521896249017168,0.8865676912569722,0.21360703418059018
1480361,1480361,0.09141810565577393,0.14083388891549933,0.8734941332473216,0.3371976410377282
1480362,1480362,0.07927781054199207,0.12762915886754064,0.9017683795706629,0.3577796478251957
1480360,1480360,0.09235944367683264,0.12946562514008206,0.849953886356562,0.4068255217215874
1240197,1240197,0.10373318897627157,0.16068177249009874,0.8602356698727108,0.4997500522266874
1480364,1480364,0.08115122420856591,0.1375786802180812,0.9120478387771502,0.490789686580805
905933,905933,0.16183238677544556,0.1954991289632544,0.5860223159870692,0.11004429029837708
905969,905969,0.11240121299029027,0.1789059446199001,0.8937848819742283,0.4057519046571157
905991,905991,0.10366565451689622,0.16673116622350195,0.8699823433277423,0.48118836732505005
1240198,1240198,0.12103896799048426,0.17580855191208078,0.8364569323283948,0.38595533385498254
1480371,1480371,0.0685725601417275,0.12058426085983313,0.9276155197175591,0.46189862200025456
1240199,1240199,0.12262940967417338,0.17161171519763024,0.8098170814275993,0.27031707107838676
1240200,1240200,0.09426160409696117,0.16254670226124887,0.8826939914773165,0.44854972775571833
1298365,1298365,0.11236495308492667,0.18532030164295493,0.8733517909063149,0.4373603243763518
1480372,1480372,0.11886774151625638,0.14939450494208356,0.6764343338294294,0.21571068000175608
1298539,1298539,0.09558559920139345,0.153877572059812,0.8526802663613806,0.4043884660509683
909699,909699,0.11258533326717961,0.15082888202539477,0.7937055819561062,0.3998752138207814
905959,905959,0.12334090429345328,0.18148778131476978,0.8017892395156085,0.37770598392829097
909753,909753,0.12182688046078874,0.1676988548896857,0.7355403122253212,0.32100568811586194
1299070,1299070,0.09189752311334157,0.14388850043781282,0.8765885342322168,0.44633587227079907
1240222,1240222,0.14149229646151842,0.19247862135458166,0.6859122726867103,0.32168921974853226
909774,909774,0.10863554063404894,0.1860101793598429,0.8484495445917346,0.40664722774648004
1480374,1480374,0.08961683385301579,0.1383331320714023,0.8884331670853841,0.3685017887435718
924100,924100,0.1056660238734719,0.16824137235440764,0.8650439031241668,0.4590938801822073
924105,924105,0.09861073037041093,0.18459445787843856,0.9207219054275498,0.36398591315469
905935,905935,0.09891221596179826,0.15682912180679565,0.880846494669532,0.39344522632333023
905934,905934,0.10418092655176499,0.149139999054279,0.8482329376473163,0.2960417966883876
1330993,1330993,0.0920288003459385,0.21172086774768095,0.7507745770615623,0.3991170789720605
907176,907176,0.11594156960172039,0.1840934114851727,0.7965769819431143,0.4190501070633122
908127,908127,0.10765596602615642,0.1711314063846349,0.8041998192860124,0.419981803063059
1240215,1240215,0.08362051437209185,0.15723616683401292,0.8979671064753554,0.4754607892407147
908134,908134,0.11324558799004295,0.17633360597326408,0.8651854544169849,0.40040619586467185
1789883,1789883,0.10531362810985881,0.24520101611655423,0.9277440111706691,0.4881331115872854
908442,908442,0.13796320800853717,0.2517455297709514,0.9038774494105397,0.3687831861358029
905962,905962,0.10396603560133107,0.1642284783677228,0.8533288172582644,0.3759540193301256
1240157,1240157,0.11782645497041906,0.15498907434199233,0.7396285459897682,0.3191015365616254
1240158,1240158,0.11927800271457305,0.16668531522458618,0.7682627207639149,0.24869396658446216
1524415,1524415,0.10051972215638805,0.1562665506431332,0.8899644272290436,0.4516895210751998
1240220,1240220,0.12501489088324952,0.17987697532323935,0.7009934688583342,0.20254814532641316
687794,687794,0.09178598728806922,0.17007902276353332,0.9143108067871131,0.495436521102447
1240202,1240202,0.11324797888196607,0.17153614996735866,0.8529061977113853,0.47786156796183493
1299062,1299062,0.12883761802393714,0.17976782065418845,0.635203499126403,0.3270542819131733
946372,946372,0.1002199568531776,0.1661085336336424,0.8504859060919214,0.2641648203284325
908118,908118,0.10576083935739784,0.14765448405100767,0.8071319618411819,0.4563089986663883
1240125,1240125,0.08798715090589883,0.15557255689637162,0.8813625549198744,0.4173727914040047
1240149,1240149,0.09970613710716177,0.1553587450955996,0.8510839948349481,0.4323361176375903
1298167,1298167,0.10549725776411453,0.16556458892824855,0.8597663628818051,0.5000628148246239
1479987,1479987,0.09753292765147371,0.1495301327812114,0.8693806267938097,0.3113319789050138
1479988,1479988,0.08597862307601617,0.13273634171450105,0.91844986741754,0.3983516760486442
1298156,1298156,0.10273497150242253,0.1805849379329177,0.9245537798411517,0.5634437385622257
1299052,1299052,0.1427617231903532,0.18711536402541618,0.8209284634312919,0.4224753441934654
1330948,1330948,0.11571323027011934,0.19304347826725826,0.7303979549223844,0.3941675707538601
1659819,1659819,0.08432534667342288,0.15613661320480898,0.952373669135947,0.5837238779326472
1659817,1659817,0.07661353082862284,0.13301013041199866,0.9278399948687268,0.2337999789307632
1290767,1290767,0.1050823931288329,0.15573291623979427,0.838853927273432,0.4085548871220911
1290768,1290768,0.12391980248319787,0.16538461654472322,0.66486768896944,0.2602127604077336
1298157,1298157,0.08998271762856894,0.17808791695965037,0.8936480776466913,0.4623641046745356
1290771,1290771,0.10423796571500983,0.18825204273278578,0.8891996798703771,0.41245857207987885
713869,713869,0.0972303103452058,0.22389541068869095,0.933595716687255,0.37782327109069314
1298160,1298160,0.11428154586565493,0.17724606318321334,0.8385497403441138,0.38346612298749383
1299061,1299061,0.1466890795067487,0.19103694801793786,0.8085619829336596,0.38917923544683686
908120,908120,0.09009577815681949,0.14967744864370103,0.9091887576926391,0.5449501387275719
905943,905943,0.11724140904597107,0.1598008774077655,0.8043991300186036,0.5297924173204003
1298144,1298144,0.12064951709361811,0.173876310591556,0.7976784455171266,0.38714413755529536
930301,930301,0.10333700251732618,0.15691107923683006,0.8617290716666455,0.23733546711112202
1480367,1480367,0.08985225687810774,0.13316454658353624,0.8953275096951003,0.391090205504321
1299069,1299069,0.11230196338779593,0.16791609711020333,0.868894615913311,0.46630216947845815
1298218,1298218,0.10641097752626061,0.1572674684186779,0.8791430857220313,0.46586385360630767
